genre,female_listeners_2020,female_year_2022
trap,0.239,0.027
rap,0.279,0.037
hip hop,0.274,0.04
classic rock,0.301,0.061
alternative metal,0.216,0.062
rock,0.319,0.068
trap latino,0.434,0.075
modern rock,0.442,0.113
reggaeton,0.464,0.134
pop rap,0.393,0.158
mellow gold,0.366,0.164
latin,0.504,0.22
edm,0.373,0.303
tropical house,0.413,0.326
k-pop,0.744,0.346
latin pop,0.577,0.39
pop,0.606,0.507
r&b,0.597,0.551
dance pop,0.58,0.607